text,label
"La selección española masculina se jugará el billete para el Mundial de Croacia, Dinamarca y Noruega 2025 con Serbia, según deparó el sorteo celebrado este sábado en la ciudad alemana de Colonia.Los Hispanos, bronce en el pasado Mundial de Polonia y Suecia, disputará el encuentro de ida, que tendrá lugar el 8 o el 9 de mayo, en España, mientras que la vuelta se jugará, el 11 o el 12 de mayo, en Serbia.BALONMANO | CAMPEONATO DE EUROPABALONMANO | CAMPEONATO DE EUROPAJunto con la eliminatoria entre españoles y serbios destacan los enfrentamientos Rumanía-Chequia, Eslovenia-Suiza e Islas Feroe-Macedonia del Norte Además Croacia, Dinamarca y Noruega, como países organizadores, tienen ya asegura su presencia en el Mundial de 2025 las selecciones de Francia, Alemania y Suecia que lograron los tres billetes en juego en el Europeo que se disputa en Alemania.-",10
"El papa Benedicto XVI anuncia su retiro en un momento difícil para las finanzas vaticanas. Cuando Benedicto XVI haga efectiva su renuncia este jueves dejará atrás ocho años de un papado complejo y un Vaticano sumido en serios problemas financieros.La investigación por lavado de dinero del Banco del Vaticano, las indemnizaciones por los escándalos sexuales y el número decreciente de creyentes y donaciones son algunos de los problemas que heredará el próximo Pontífice.Nadie sabe a ciencia cierta cuánto gasta la Iglesia Católica a nivel mundial, pero la revista inglesa The Economist publicó en 2012 una investigación que calculaba en más de US$170.000 millones las erogaciones globales de 2010.Y en ""Las finanzas secretas de la iglesia"", el periodista Jason Berry, que ha investigado el tema en los últimos 25 años, afirma que la estructura financiera de la Iglesia Católica es ""caótica"" y ""opaca"".""La Iglesia Católica es la organización más grande del mundo y tiene una arquitectura financiera caótica. Por un lado es muy jerárquica, centrada en la autoridad del Papa, y por el otro totalmente descentralizada, con cada obispo a cargo de una diócesis que funciona como un virtual principado"", indicó a BBC Mundo.En esta ""arquitectura"", el Vaticano tiene fuertes inversiones canalizadas a través del Instituto para las Obras de Religión (IOR), más conocido como el Banco del Vaticano.                <italic>The Economist </italic>asegura que su portafolio de inversiones financieras supera los US$2.600 millones. Solo en Italia sus intereses se extienden por el sistema bancario, aerolíneas, inmuebles, empresas públicas y hasta cinematografía.   Lea también: Los escándalos detrás del banco del Vaticano Según un cálculo estimativo, un 60% de los fondos de la Iglesia Católica proviene de Estados Unidos, seguido por Alemania, Italia y Francia en término de contribuciones.""El Vaticano recibe contribuciones de las iglesias de los países desarrollados, pero suele ayudar económicamente a las naciones más pobres. Recientemente invirtió unos US$250.000 en Haití para la reconstrucción de una escuela"", señala Berry. Una fuente básica del financiamiento eclesiástico son las donaciones de los feligreses, pero la caída a nivel mundial del número de católicos practicantes está erosionando estos ingresos.Estados Unidos, cuarto país en número total de católicos, con 100 millones (solo lo superan Brasil, México y Filipinas), ha experimentado una caída del 20% en las donaciones al son de los escándalos sexuales.El impacto de éstos ha sido doble: caída de ingresos y mayores egresos por indemnizaciones a las víctimas (estimadas en más de US$2.000 millones).Debido a este gasto extraordinario, ocho diócesis, entre ellas la de San Diego, Tucson y Milwaukee, terminaron declarándose en bancarrota.""En muchas ciudades han tenido que cerrar iglesias. Los Ángeles, Chicago y Boston, tres de las más importantes arquidiócesis, tienen un agujero promedio de unos US$90 millones en sus fondos de pensiones"", señala Berry.En enero, a instancias del organismo europeo que combate el lavado de dinero, Moneyval, el Banco Central de Italia bloqueó el uso de tarjetas de crédito dentro del Vaticano.En el centro de la investigación se encuentra el IOR, fundado en 1942 por el papa Pío XII.En 2010  la policía inició una investigación al director del  Instituto para las Obras Religiosas, Ettore Gotti Tedeschi.En 2010 el Banco Central de Italia confiscó unos US$30 millones de dólares del IOR y la policía inició una investigación de su director, Ettore Gotti Tedeschi.En un intento de calmar las aguas, el Vaticano creó la Autoridad de Información Financiera, una agencia independiente para supervisar todas sus actividades monetarias y comerciales.El intento terminó en un rotundo fracaso público. El pasado julio un informe de Moneyval señaló que el Vaticano no cumplía con los requisitos básicos en 7 de 16 áreas consideradas esenciales para el combate del lavado de dinero.Dos meses antes, Gotti Tedeschi había sido sumariamente despedido por ""no cumplir con las funciones primarias de su trabajo"".Un mes después del devastador informe de Moneyval, el Vaticano nombró a un especialista católico en lavado de dinero, René Brülhar, que entre sus laureles tiene la dirección de la Unidad de Inteligencia Financiera de Liechetenstein, un principado europeo identificado con las opacas rutas de los paraísos fiscales.A la luz del bloqueo de las tarjetas de crédito está claro que Brülhar tiene todavía una larga y dura tarea por delante.Y que la opacidad financiera funciona como un potencial nido de escándalos.En octubre del funesto año que fue 2012 para el Vaticano, el mayordomo del Papa, Paolo Gabrieli, fue condenado a 18 meses de prisión por el robo de material secreto con comprometedores detalles de sus asuntos financieros.Por su parte, Gotti Tedeschi, el expresidente del IOR, ha decidido colaborar con la investigación policial. Dado el cargo que ostentaba, esta cooperación puede ser explosiva.   Vea: ¿Qué se entreteje detrás de los muros del Vaticano? En el mundo de las finanzas globalizadas, las cuentas de cualquier organización pueden ser un inescrutable laberinto.La caída mundial del número de católicos practicantes ha erosionado los ingresos del Vaticano.Según Berry, el punto de inflexión de la economía vaticana se produjo durante la Guerra Fría.""La CIA comenzó a transferir grandes sumas al banco del Vaticano. En 1948 fue la primera elección en la que el Partido Comunista, convertido en el más importante de Europa, buscaba el poder en Italia. En ese momento hubo una gran campaña en Estados Unidos, en la que participó Frank Sinatra, para financiar a la Democracia Cristiana. Así empezaron a circular grandes masas de dinero. Lo que pasó una generación más tarde fue consecuencia de este inmenso flujo monetario"", le dijo el periodista a BBC Mundo.En los años 70, el IOR y bancos católicos como el Ambrosiano pudieron aprovechar las rutas financieras suministradas por una explosión global de paraísos fiscales para multiplicar los negocios.El escándalo estalló en los 80 con la repentina aparición de un agujero de más de US$1.000 millones de la época en las operaciones del Ambrosiano en América Latina.El presidente del banco, Roberto Calvi, apareció colgado debajo del puente de Blackfriars en Londres en 1982 con estampas de la masonería en los bolsillos.Los estrechos vínculos de Calvi con el arzobispo estadounidense Paul Marcinkus, presidente entonces del IOR, pusieron al Banco del Vaticano en el centro de una trama con ramificaciones que apuntaban a la mafia y a la Logia Fascista P2.El papa Juan Pablo II se valió de la soberanía territorial del Vaticano para salvar a Marcinkus de la cárcel.En una entrevista en 1986, el estadounidense intentó justificarse diciendo que no se podía manejar financieramente una organización como la Iglesia en base a ""Ave Marías"".Pero tal como agregaron muchos católicos horrorizados con el escándalo, tampoco se lo puede hacer mediante pactos con el diablo.",9
"Llegó al catálogo de Disney+ sin hacer prácticamente ruido y ha terminando enamorando a medio mundo con su genial invasión alienígena silente, incluyendo a grandes como Guillermo del Toro. No cabe duda de que 'Nadie te salvará' es una de las grandes sorpresas de 2023, pero como todo fenómeno viral que se precie, está recibiendo un buen número de palos por unos detractores que están señalando con especial vehemencia uno de los elementos del largometraje.Este no es otro que su final. Un simple paseo por las redes sociales —los comentarios del TikTok en el que la recomendé son un auténtico campo de minas— nos permiten comprobar cómo infinidad de espectadores se encuentran frustrados ante un fin de fiesta que no dudan de catalogar como confuso o, directamente, carente de sentido y toda lógica.Pero calma total, porque la cosa es mucho más sencilla de lo que puede parecer a simple vista, y a continuación os propongo dar sentido al tercer acto de la película con una explicación que, para más solidez, está apoyada por las declaraciones de su director y guionista Brian Duffield. A partir de este momento, como es lógico, se vienen spoilers.'Nadie te salvará' nos cuenta la historia de Brynn, una joven que vive aislada a las afueras de un pueblo atormentada por un evento de su pasado que desconoceremos hasta bien avanzado el metraje de la cinta. Una buena noche, la muchacha recibe la visita de unos extraterrestres con bastantes malas pulgas que intentan colonizar la zona injertando unos organismos en los seres humanos que les convierten en una suerte de ""ultracuerpos"".Después de ser sometida a infinidad de perrerías en su lucha por la supervivencia, incluyendo enfrentarse a una doble suya, Brynn termina cayendo en las garras de los invasores tras ser abducida. Todo está perdido, o al menos, eso parece cuando los captores observan a la protagonista inconsciente y uno de ellos le toca en la frente; gesto que le permite —y, junto a él o ella, a nosotros— explorar la memoria de la chica.Básicamente, lo que descubren los hombrecillos grises es que Brynn, durante una riña entre críos, golpeó con una piedra a su mejor amiga Maude acabando con su vida. Lo que parece ser únicamente una recapitulación de hechos se convierte en una suerte de epifanía cuando Brynn se encuentra con su yo de la infancia y pone una mano sobre la suya; una acción que se traduce en la aceptación de su culpa y la sanación, al menos parcial, de su trauma.Al comprobar esto, los alienígenas deciden liberar a la joven, que al día siguiente se dirige a un pueblo de Mill River cuyos habitantes han sido reemplazados por sus clones extraterrestres. Esto, lejos de ser una tragedia, nos conduce hasta la última escena de la película, en la que Brynn baila feliz en una fiesta rodeada por sus nuevos viejos vecinos en un marco idílico que parece recrear la maqueta del pueblo ideal que construía con su madre.Y, con el corte a negro final, llega la pregunta del millón: ¿Está Brynn soñando? ¿Forma parte del ejército de ultracuerpos extraterrestres y lo que vemos es sólo una proyección de su mente que la protege en un final feliz? No seré yo quien responda, sino Brian Duffield:Como podéis ver, Brynn no está soñando. Pero, ¿qué significa todo esto? 'Nadie te salvará' no deja de ser una historia arquetípica de aceptación y sanación personal, y este cierre es el mejor que podía tener. No obstante, Guillermo del Toro apuntó en su cuenta de Twitter que la cinta sirve como una alegoría cristiana que alude al siguiente dogma: La gracia y la salvación surgen del dolor y el sufrimiento. Sólo podrás salvarte siguiendo este camino. Nadie más podrá salvarte.El calvario al que se somete Brynn durante la invasión no deja de ser este sendero que le conduce a su salvación particular, y los extraterrestres, tras comprobar los secretos de su pasado, deciden concederle el final más dulce que pueden ofrecerle. Simple, sencillo y para toda la familia.En Espinof:",7
"La pelea por tratar de llevar sus consolas al mayor número hogares siempre ha estado presente entre los principales fabricantes. Aunque tanto Microsoft como Sony presentas modelos muy parecidos con sus consolas de alta gama, los de Redmond han jugado con una baza fundamental durante toda esta generación, con una dupla que es difícil de batir: Xbox Series S y Xbox Game Pass.Pack Xbox Series S + 3 Meses de Xbox Game Pass UltimateLa consola es capaz de ejecutar todos los juegos de la nueva generación, compartiendo características con su hermana mayor, pero a un precio mucho más reducido. Se trata de una consola perfecta para aquellos que quieran seguir disfrutando de los nuevos lanzamientos, pero no puedan invertir el dinero que implica una consola más potente. Si este es tu caso, encima en Amazon ahora la tienen rebajada, y puedes conseguir la Xbox Series S junto a 3 meses de Xbox Game Pass Ultimate por tan solo 229,99 euros.Con Xbox Game Pass Ultimate tendréis acceso a más de 450 juegos, una cifra realmente impresionante, entre los que podréis encontrar todos los exclusivos de Xbox sin ningún tipo de limitación. Además, también ofrece acceso a las ventajas del juego online que ofrecía el extinto Xbox Live Gold, por lo que la experiencia de juego será realmente completa.En cuanto a Xbox Series S, ya hemos comentado que comparte varias características con su hermana mayor, lo que la permite ejecutar los juegos actuales sin problema. No obstante, en el caso de este modelo, vemos una reducción de potencia en sus componentes, lo que provoca que sea una consola pensada para jugar en Full HD en la mayoría de casos. En caso de que la resolución no sea un elemento imprescindible para vosotros, es la mejor opción que encontraréis en el mercado. Eso sí, señalar que se trata de una consola totalmente digital, por lo que vuestros juegos físicos no funcionarán en ella.MSI Notebook Katana 17 B13VGK-694XES QWERTY Español Intel Core i7-13700H 16 GB RAM 17,3"" 1 TB SSDMSI GeForce RTX™ 4060 VENTUS 2X BLACK 8G OC Tarjeta gráfica -NVIDIA RTX 4060, 8GB de memoria GDDR6, 18Gbps, PCIe 4.0, DLSS3AOC Gaming CQ27G2S - Monitor Curvo QHD de 27 Pulgadas, FreeSync Premium (2560x1440, 165 Hz, HDMI 2.0, DisplayPort 1.2) Negro-RojoAlgunos de los enlaces de este artículo son afiliados y pueden reportar un beneficio económico a VidaExtra. En caso de no disponibilidad, las ofertas pueden variar.Imagen | Kamil S en UnsplashEn VidaExtra Selección | La consola más potente del mercado sale más barata con este pack en oferta: llévate Xbox Series X con Diablo IV a un preciazoEn VidaExtra | Cómo mantener fresca tu Xbox Series X por menos de 50 euros ¿Qué comprar? Consejos y recomendaciones",7
"Rafael Advanced Defense Systems Ltd. ha presentado el nuevo diseño de lanzador de misiles múltiples que incluye ocho misiles Spike NLOS, en una configuración en que se hallan listos para su lanzamiento. Con este sistema concurre la empresa israelí a la licitación ""Ottokar-Brzoza"" de Polonia (conocida anteriormente como ""Tank Destroyer"") o Destructor de Tanques. Su participación en el programa polaco se realiza en alianza y apoyándose en el conglomerado local polaco PGZ; el cual compite, en parte, para dotar de nuevos sistemas de armas a las plataformas blindadas BWP-1 y KTO ROSOMAK.Advanced Defense Systems Ltd. ha presentado el nuevo diseño de lanzador de misiles múltiples que incluye ocho misiles Spike NLOS, en una configuración en que se hallan listos para su lanzamiento. Con este sistema concurre la empresa israelí a la licitación ""Ottokar-Brzoza"" de Polonia (conocida anteriormente como ""Tank Destroyer"") o Destructor de Tanques. Su participación en el programa polaco se realiza en alianza y apoyándose en el conglomerado local polaco PGZ; el cual compite, en parte, para dotar de nuevos sistemas de armas a las plataformas blindadas BWP-1 y KTO ROSOMAK.Advanced Defense Systems Ltd. ha presentado el nuevo diseño de lanzador de misiles múltiples que incluye ocho misiles Spike NLOS, en una configuración en que se hallan listos para su lanzamiento. Con este sistema concurre la empresa israelí a la licitación ""Ottokar-Brzoza"" de Polonia (conocida anteriormente como ""Tank Destroyer"") o Destructor de Tanques. Su participación en el programa polaco se realiza en alianza y apoyándose en el conglomerado local polaco PGZ; el cual compite, en parte, para dotar de nuevos sistemas de armas a las plataformas blindadas BWP-1 y KTO ROSOMAK.Para cumplir con los requerimientos del programa Tank Destroyer polaco, este sistema de armas debe ser capaz de operar en cualquier tipo de terreno, incluido el urbano, ya que las formaciones adversarias normalmente utilizarán las áreas urbanas para progresar rápidamente. El Spike NLOS, con su enlace de datos en tiempo real y buscador electro-óptico EO (Electro-Optical) facilita la operación en entornos urbanos con una elevada precisión, lo que se hace muy difícil de obtener mediante misiles guiados por láser o dirigidos por radar.Para cumplir con los requerimientos del programa Tank Destroyer polaco, este sistema de armas debe ser capaz de operar en cualquier tipo de terreno, incluido el urbano, ya que las formaciones adversarias normalmente utilizarán las áreas urbanas para progresar rápidamente. El Spike NLOS, con su enlace de datos en tiempo real y buscador electro-óptico EO (Electro-Optical) facilita la operación en entornos urbanos con una elevada precisión, lo que se hace muy difícil de obtener mediante misiles guiados por láser o dirigidos por radar.  Todo ello permite minimizar los temidos daños colaterales, facilitando notablemente la discriminación de objetivos entre amigo, enemigo o no involucrado. Otro diferenciador importante de la guía EO es la capacidad de discriminar objetivos de alto valor en tiempo real (a medida que el misil se acerca al área objetivo), como los activos de mando y control del enemigo, los lanzadores de defensa aérea y otros, cuya eliminación del área operativa afecta dramáticamente al oponente.Todo ello permite minimizar los temidos daños colaterales, facilitando notablemente la discriminación de objetivos entre amigo, enemigo o no involucrado. Otro diferenciador importante de la guía EO es la capacidad de discriminar objetivos de alto valor en tiempo real (a medida que el misil se acerca al área objetivo), como los activos de mando y control del enemigo, los lanzadores de defensa aérea y otros, cuya eliminación del área operativa afecta dramáticamente al oponente.  El nuevo lanzador para el Spike NLOS se basa en un eyector multipropósito independiente que puede ser integrado en cualquier plataforma polaca actual o futura como pueden ser el BWP-1, el KTO ROSOMAK utilizados por el ejército, o el IFV Future Borsuk.El nuevo lanzador para el Spike NLOS se basa en un eyector multipropósito independiente que puede ser integrado en cualquier plataforma polaca actual o futura como pueden ser el BWP-1, el KTO ROSOMAK utilizados por el ejército, o el IFV Future Borsuk. Una característica importante del lanzador es la compatibilidad con otros miembros de la familia Spike ya en servicio en las Fuerzas Armadas de Polonia, como el Spike LR o Spike LR2; lo que permite a las unidades utilizar las miles existentes con el mismo sistema de lanzamiento. Una característica importante del lanzador es la compatibilidad con otros miembros de la familia Spike ya en servicio en las Fuerzas Armadas de Polonia, como el Spike LR o Spike LR2; lo que permite a las unidades utilizar las miles existentes con el mismo sistema de lanzamiento. Una característica importante del lanzador es la compatibilidad con otros miembros de la familia Spike ya en servicio en las Fuerzas Armadas de Polonia, como el Spike LR o Spike LR2; lo que permite a las unidades utilizar las miles existentes con el mismo sistema de lanzamiento.   De igual manera, el Spike NLOS está pensado para competir en el futuro programa ""KRUK"" del nuevo helicóptero de ataque polaco. El hecho de que MESKO, una compañía del grupo PGZ, produzca ya el misil Spike en Polonia, ofrece una importante ventaja competitiva dado que dispone de parte de las infraestructuras para la futura fabricación del Spike NLOS, así como los nuevos lanzadores. (De igual manera, el Spike NLOS está pensado para competir en el futuro programa ""KRUK"" del nuevo helicóptero de ataque polaco. El hecho de que MESKO, una compañía del grupo PGZ, produzca ya el misil Spike en Polonia, ofrece una importante ventaja competitiva dado que dispone de parte de las infraestructuras para la futura fabricación del Spike NLOS, así como los nuevos lanzadores. (Antonio Ros Pau)               Fotografía(Rafael): El nuevo lanzador de Rafael para misiles Spike NLOS, dentro el programa Tank Destroyer, aloja hasta 8 misiles y pude ser incorporado en las plataformas actuales y futuras disponibles en el Ejército polaco. Fotografía(Rafael): Fotografía(Rafael): El nuevo lanzador de Rafael para misiles Spike NLOS, dentro el programa Tank Destroyer, aloja hasta 8 misiles y pude ser incorporado en las plataformas actuales y futuras disponibles en el Ejército polaco.",5
"Elena Martín López  Madrid  Necesitas ser suscriptor para acceder a esta funcionalidad.  Viernes, 21 de abril 2023, 20:33    Necesitas ser suscriptor para acceder a esta funcionalidad.  Compartir  Copiar enlace  WhatsApp  Facebook  X  LinkedIn  Telegram En 2019, se publicó la primera imagen de un agujero negro. En concreto, del agujero negro supermasivo del centro de la galaxia M87, cuyo aspecto recordaba al de una rosquilla naranja. Este jueves, un artículo publicado en la revista 'The Astrophysical Journal Letters' recoge una ...¿Ya eres suscriptor/a? Inicia sesión",1
"El  presupuesto para una boda depende muchísimo de lo que quieras hacer y cómo quieras llevarlo a cabo. Hay bodas y bodas y no siempre es absolutamente necesario gastar muchísimo dinero para conseguir una boda de matrícula de honor. Si lo tuyo son las bodas  sencillas y clásicas y tampoco tienes pensado invertir demasido en un  vestido de novia, bienvenida, tenemos que hablar. Y es que, una de las firmas españolas favoritas de las invitadas ha lanzado una  colección para novias que te va a encantar. Hablamos de Lady Pipa, una marca que tiene a la venta unos  vestidos blancos precioso que son ideales y perfectos para las que no quieren gastar demasiado o para las que buscan un segundo vestido más sencillo. Han sacado varios modelos que sientan de lujo y que abarcan casi todos los gustos y estilos y que su precio  no supera los 200 euros. Unas piezas que están causando furor y a los que muchas están recurriendo también como vestido para la preboda. ¡Fíchalos todos!    Vestido largo con cuello halter con lazada, abertura delantera con detalle de botones al tono y espalda descubierta con escote en pico. Precio: 169,95 euros. Vestido midi con cuello halter y corte asimétrico en la falda con ligero volante para darle movimiento. Precio: 169,95 euros Vestido largo con escote bardot asimétrico. Precio: 179,95 euros.    Vestido largo con frunces en la parte delantera, abertura en el lateral y escote en la espalda- Precio: 159,95 euros. Vestido midi asimétrico con manga estilo capa y flecos en el bajo a tono con el vestido. Precio: 179,95. Vestido corto con lazada al cuello y detalle de flecos a tono. Precio: 159,95 euros. Vestido midi con escote en pico, mangas abullonadas semitransparentes, bajo con ligero volante y cut-out en la espalda. Detalle de puntilla en la falda y en el escote. Precio: 159,95 euros. Vestido largo con escote en pico, mangas abullonadas semitransparentes, abertura y frunces en la parte delantera y detalle de lágrima en la espalda. Precio: 169,95 euros.",3
"Nervios en Sumar en las últimas horas antes de que se abran las urnas en Galicia. El optimismo inicial de Yolanda Díaz, que aspiraba a entrar con hasta tres diputados, ha dado paso a la desazón por el riesgo de quedarse sin representación en el Parlamento Gallego y naufragar en las primeras elecciones donde se presentan sin Podemos. Si en Sumar albergan dudas, los morados sí son plenamente conscientes de que no tienen opciones de lograr escaño, y ningún miembro de su dirección nacional acudió este viernes a poner el broche final a la campaña.Las expectativas de unos y de otros han quedado reflejadas en sendos cierres de campaña. Yolanda Díaz ha desembarcado en Galicia con Ada Colau, una de las figuras de más peso dentro del espacio, con quien no compartía escenario desde el cierre de campaña de las elecciones del 23 de julio. Junto a ellas, además de la candidata Marta Lois, el ministro de Cultura y portavoz de Sumar, Ernest Urtasun. El acto pretendía ser demostración de fuerza para lograr un empujón final que esperan que sea decisivo para lograr un puñado de votos que permita aunque sea un asiento en el Parlamento Gallego. Un intento de levantar el ánimo después de un difícil final de campaña, donde se han ido desdibujando.Yolanda Díaz en Mitin con la candidata a la Xunta de Galicia por Sumar Marta Lois, junto a Iñigo Errejón y Jorge Suárez, ex alcalde de Ferrol.  / EFEAbsolutamente opuesto fue el cierre de campaña de Podemos, donde no hubo ni un solo miembro de la dirección nacional del partido. Los morados admitieron desde el primer momento lo ""difícil"" de esta carrera electoral, reconociendo las escasísimas posibilidades de entrar en el Parlamento Gallego, del que ya se quedaron fuera hace cuatro años con el 4% del voto y con un espacio político mucho menos fragmentado que ahora.Los aliados de Sumar dejan sola a Yolanda Díaz en Galicia ante el tirón de Ana PontónLas exministras moradas Ione Belarra e Irene Montero han tenido una discretísima presencia en Galicia en las dos últimas semanas, y este viernes ninguna de las dos arropó a la candidata morada, Isabel Faraldo. La exministra de Igualdad cambió la campaña gallega por su propia campaña para las elecciones europeas de junio, donde aspira a lograr escaño, y viajó hasta Copenhague para reunirse con otras formaciones de izquierda.En Sumar, el desánimo se ha extendido en los últimos días. En precampaña partía con opciones de lograr representación. Comenzó apelando a su papel decisivo para lograr un cambio en Galicia para conformar un ""tripartito"" progresista -""Si Sumar entra, Rueda sale"", fue su lema- y comparándolo con las generales del 23J, donde la mayoría absoluta del PP parecía hecha y finalmente Pedro Sánchez pudo armar Gobierno. Pero han sido precisamente las opciones del cambio las que han terminado por orillar a Yolanda Díaz.La candidata del BNG, Ana Pontón, y el candidato del PSdeG, José Ramón Besteiro, se saludan antes del debate electoral de TVE el pasado miércoles.  / Xoan ÁlvarezEl giro de última hora del PP sobre la amnistía supuso un cambio de rasante en campaña, y aunque en un principio Sumar trató de aprovechar esa baza, finalmente se ha asumido que ha sido el BNG quien ha capitalizado el revés de los populares, al ser Ana Pontón considerada como la única alternativa posible al PP.El PSOE se lanza al “voto perdido” de Sumar y pide “prudencia” en la confrontación con el BNG""El sprint final de campaña nos ha hecho daño"", admiten algunas voces de Sumar, que señalan como causante ""el nivel de polarización entre PP y BNG"". Aunque admiten que ""hay espíritu de cambio"" en Galicia, señalan que gran parte de esa ""ilusión"" irá a parar a la líder del Bloque Nacionalista Gallego, y no a Sumar. ""El fenómeno Pontón' ha crecido como una ola esta semana y eso va en detrimento de Sumar y del PSOE"", advierten en la última semana de campaña, donde está prohibido publicar encuestas.Los aliados de Sumar también han ido apartándose de la candidatura y se ponían de perfil en los últimos días de campaña. En el caso de Más Madrid, algunos de sus cargos públicos pidieron abiertamente el voto para el BNG, al igual que hizo Més per Mallorca, con un diputado en el Congreso, mientras otros como Compromís o Chunta evitaron pronunciarse y pedir el voto por Marta Lois.Uno de los ejes en los que Sumar ha centrado su campaña, y en los que ahora confía para lograr escaño, es en el voto exterior. Con casi medio millón de votantes gallegos fuera del territorio nacional -el 18% de los electores-, Galicia es la región con más población con derecho a voto en el extranjero y celebra sus primeras elecciones tras haberse eliminado el voto rogado y todos los trámites que dificultaban depositar la papeleta.El PP se centra en desgastar al BNG en el remate final para pasar página de la polémica sobre indultosIñigo Errejón, el coordinador de la campaña gallega, centró sus esfuerzos en apelar al electorado residente en Argentina, el país donde residen más gallegos, y la propia Yolanda Díaz ha concedido entrevistas en medios argentinos de gran difusión. En Sumar han espoleado la figura del derechista Javier Milei, presidente del país latinoamericano, como un elemento movilizador de la izquierda. Confían en que el recuento posterior del voto extranjero pueda decantar la balanza a su favor.",8
"Los hallazgos de granero vienen en todas las formas y tamaños, siendo normalmente los protagonistas coches abandonados con al menos unas cuantas décadas a las espaldas. Sin embargo, no siempre es así y el mejor ejemplo lo tenemos con el Subaru WRX que vemos en pantalla. Se trata de un ejemplar que pese a no tener más de 13 años de vida también ha sucumbido a un periodo de abandono en compañía del polvo y la oscuridad.Afortunadamente para el modelo japonés, el equipo de WD Detailing le ha dado una segunda oportunidad al rescatarlo de su letargo de cinco años y hacer que reluzca como debería. Al parecer, el último propietario decidió abandonarlo debido a un problema en el radiador lo suficientemente grave como para provocar que el motor se cale. Más allá de los inconvenientes del tren motriz, el paragolpes delantero del automóvil pende de un hilo y también hay una gran abolladura en la aleta del lado del conductor.La verdad se revela cuando el equipo de WD Detailing intenta hacer funcionar el motor. La varilla medidora de aceite sale completamente seca, lo que no es una buena señal. Después de llenar el bloque con lubricante y girar la llave, el motor de arranque emite un golpe. Ahí está el problema, el bloque bóxer de cuatro cilindros y 2.5 litros está gripado. El motor EJ255 turboalimentado parece que no volverá a rugir, aunque el resto del conjunto no puede decir lo mismo ya que todos los esfuerzos realizados han provocado que el Subaru luzca como recién salido del concesionario.Gracias a una limpieza exhaustiva de la carrocería y el interior, nadie diría que este ejemplar ha estado un lustro parado en un viejo granero a la espera de que alguien lo rescatara. El equipo también repara las imperfecciones del cuerpo, golpeando la aleta abollada con un mazo de goma y utilizando un bloque de lijado ligero para eliminar algunos de los rayones de la carrocería. Afortunadamente hay un final feliz después de todo este trabajo. ¿Dónde irá a parar ahora el WRX? El modelo japonés tiene nuevo hogar; el cámara de WD Detailing quería comprarlo y cambiar el motor. En cambio, los chicos de la empresa adquirieron el coche y se lo regalaron por su arduo trabajo. Un final digno para un automóvil que merece ser disfrutado cada día de su existencia. Especialista en temas de motor y tecnología. Apasionado de la mecánica y las cuatro ruedas desde niño, ahora trato de transmitir mis experiencias a todo aquel que disfrute con el olor a gasolina, la velocidad, el placer de conducir, el diseño y el sonido de esos motores que nos ponen los pelos de punta",6
"Manuel Pellegrini quedó señalado por la eliminación de la Europa League y la derrota ante el Dinamo de Zagreb en la ida del playoff de Conference también es usada como arma arrojadiza desde algunos entornos oficialistas del Betis. Se le acusa al entrenador chileno de “no jugar bien las eliminatorias” después de caer en Copa ante el Alavés, haberlo hecho contra Osasuna el año anterior o no haber pasado de octavos en competición europea aún con los verdiblancos. Contra el Eintracht de Frankfurt en la 2021-22, el Manchester United en la 22-23 y ahora, aún puede conseguirlo, el equipo croata.La falacia quedaría completamente destruida por sí sola con echar la vista apenas dos años atrás y ver que con Pellegrini han ganado en Heliópolis la tercera de las Copas del Rey que tienen en sus vitrinas, en 2022. Aquella campaña, desde octavos, el Betis superó a Sevilla, Real Sociedad, Rayo Vallecano y Valencia, en la final. Cierto es que no le tocó ninguno de los tres grandes, pero no parecen rivales menores por mucho que los de Mestalla estén venidos a menos en los últimos tiempos.Pero es que en Europa la trampa de señalar a Pellegrini en partidos o torneos del KO se hace aún mucho más grande al comprobar su historial con otros clubes españoles de igual o menor entidad que la del Betis. En la 2005-06 se quedó a una tanda de penaltis de la final de Champions con el Villarreal, contra el Arsenal. Antes, el Submarino Amarillo se había llevado por delante en las eliminatorias al Rangers de Glasgow y al Inter de Milán.BETISBETISY en la 12-13, con ese Málaga que ahora pena por campos de Primera RFEF, alcanzó unos cuartos de final que de haber existido el VAR se habrían convertido al menos en semifinales: el Borussia Dortmund eliminó a los costasoleños con un gol en claro fuera de juego. En octavos, los malacitanos habían acabado con el Oporto.La argumentación contra los paganos del técnico de Santiago se agranda todavía más al conocer que en Inglaterra ganó dos Copas de la Liga con el Manchester City (además de una Premier) y que al otro lado del Charco, antes de llegar a Europa, obtuvo otros dos torneos de mata-mata: la Copa de Chile con Universidad Católica y la Mercosur con San Lorenzo, en 2001, antes de fichar por River Plate.",10
"La consejera de Desarrollo Educativo y Formación Profesional de la Junta, Patricia del Pozo, ha defendido este jueves el ""trabajo"" iniciado por las comunidades autónomas en las que gobierna el PP encaminado a hacer una propuesta de prueba de acceso a la Universidad ""común"" frente a los ""bandazos"" del Ministerio de Educación con la Selectividad o EVAU. ""Estamos trabajando en un cambio de modelo que establezca una prueba común para fijar criterios y estudiar propuestas de los grupos de expertos. Merece la pena. Lo que no tiene ningún sentido son 17 pruebas distintas"", ha enfatizado.En comisión parlamentaria, Del Pozo ha subrayado que ""no tiene sentido"" que haya pruebas ""tan diferentes"" entre comunidades autónomas, un extremo que, a su juicio, genera ""desigualdad"". ""Los estudiantes se merecen que les facilitemos la vida y que les tranquilicemos con una prueba en la que se juegan su futuro"". En el caso de Andalucía, alrededor de 52.000 estudiantes se examinan cada año de la antigua Selectividad, lo que representa al 20% de los alumnos que la hacen en toda España.Tras los últimos cambios -de enero de este año- aprobados por el Gobierno, desde la Junta de Andalucía, la consejera de Desarrollo Educativo ha recordado que se han tomado medidas para ofrecer ""estabilidad"" a la comunidad educativa. La primera de ellas fue la de adelantar en Andalucía la EVAU tanto en su convocatoria ordinaria como extraordinaria para acabar con una ""desventaja que se ha prolongado en el tiempo"".La segunda de las decisiones adoptadas ha estado relacionada con las materias de las que tienen que examinarse los estudiantes en la fase de acceso y en la de admisión, en la que el Gobierno de España ha introducido cambios este pasado enero, ""a cinco meses de la EVAU"", ha afeado la consejera Del Pozo. Finalmente, en la de acceso, los estudiantes andaluces podrán elegir entre Historia de España o Historia de la Filosofía; y en la admisión, finalmente, las universidades andaluzas ""han descartado"" elegir entre ambas para subir nota, ""en la misma línea de otras comunidades"", para ""no modificar así a mitad de curso las condiciones, como ha propuesto el Gobierno central, y que afectan a la planificación de los centros y la preparación del alumnado"".""Éstas no son formas de trabajar"", ha lamentado la consejera, que ha remarcado que la propuesta de las comunidades autónomas gobernadas por el PP pasa por ""trabajar dentro de las reglas de juego"" que marca el Ministerio. Patricia del Pozo ha reprochado, eso sí, el despropósito del Ministerio en torno a la prueba de acceso que, después de dos años de ""bandazos"", ahora ""duerme en un cajón"".Por eso, ha reclamado tanto al Gobierno como a los grupos parlamentarios andaluces del PSOE y Por Andalucía que ""sean serios"" y permitan que se trabaje en la ""búsqueda de un consenso"" para que los estudiantes tengan una prueba ""común"". ""¿Es tan difícil buscar el equilibrio en la prueba para que ésta sea lo más parecida posible? Lo que hay que tener es voluntad"", ha enfatizado.Desde las filas del PSOE, el diputado andaluz Antonio Ruiz ha subrayado que en el actual sistema de acceso hay ""inequidad"", pero para referirse al hecho de que los centros privados tienen más alumnos con sobresalientes que la escuela pública; una situación que tiene una repercusión directa en el acceso ya que la nota final es el resultado en un 60% de la calificación de Bachillerato y el resto, de la propia EVAU.Tanto el PSOE como Por Andalucía han afeado la propuesta de las comunidades autónomas del PP por ser ""electoralista"". En este punto, la diputada de Por Andalucía Alejandra Durán ha asegurado que la comunidad educativa ha mostrado su ""preocupación"" por la iniciativa que ha enmarcado en ""una rabieta de Feijóo"". ""Buscan la confrontación en un tema que además es imposible que salga adelante porque los currículos de las comunidades autónomas son muy dispares"", ha argumentado.Vox y PP han respaldado la iniciativa de una prueba de acceso única. La diputada de Vox María Rodríguez ha reclamado a la Junta, en este sentido, que ""deje de anunciar y concrete"", marcando una hoja de ruta a seguir para conseguir esa EVAU común, y el diputado 'popular' Alejandro Romero ha abundado en que el debate ""es necesario"" abrirlo porque es de ""sentido común"". ""Hay que ponerse a trabajar"", ha señalado, tras acusar al PSOE de ser ""rehén de Puigdemont"" y por eso no abordar iniciativas como ésta.",2
"El Papa acaba de nombrar Secretario General de la Secretaría de Economía al español Benjamín Estévez de Cominges, hasta ahora Delegado para la Administración del Dicasterio para la Evangelización en la Sección para la primera evangelización y las nuevas Iglesias particulares.Benjamín Estévez de Cominges nació en Vigo (España) el 15 de abril de 1974. Obtuvo una Maestría en Ciencias en Administración por la Sloan School of Management del Massachusetts Institute of Technology (Estados Unidos).Laicos y españoles Se licenció en Ingeniería Superior por la Universidade de Vigo y la Katholieke Universiteit Leuven (Bélgica) y en Economía y en Administración y Dirección de Empresas por la Universidad Nacional de Educación a Distancia (España).Fue Director General de Asuntos Económicos de la Universidad Pontificia Comillas (España). Desde el 17 de diciembre de 2021 es Delegado para la Administración del Dicasterio para la Evangelización en la Sección para la primera evangelización y las nuevas Iglesias particulares.Desde noviembre de 2022 el Prefecto de Asuntos Económicos -quien debe aprobar los gastos grandes, y superior directo de Estévez de Cominges- es un laico español, casado y padre de dos hijos, Maximino Caballero, el primer laico en este cargo.",9
"Tras el lanzamiento del Suunto 9 Peak a principios del año pasado, Suunto, la empresa especializada en relojes de índole deportiva, acaba de presentar a un hermano pequeño. Hablamos del Suunto 5 Peak, un reloj inteligente que, si bien es cierto que no tiene las mismas capacidades smart que otros dispositivos más populares, está orientado casi por completo a los usuarios más deportistas.Lo conoceremos mejor más adelante, no sin antes comentar que el reloj se podrá reservar a partir del 20 de enero en la web de la empresa y a partir del 1 de febrero en otros retailers de España. Su precio será de 299 euros. Dicho lo cual, veamos qué ofrece el reloj.suunto 5 peakdimensiones y peso43 x 43 x 12,9 mm39 gramospantallaLED de 1,1 pulgadasNo táctilResolución 218 x 218 píxelesalmacenamiento internoN/DbateríaHasta 10 díassistema operativoN/DconectividadGPS, GLONASS, Galileo, BeiDou, QZSSBluetoothresistencia al agua30 metrosbotonesSí, cincosensoresSensor de pulso ópticoAltímetro por GPSextrasDiferentes modos de batería80 perfiles de deporteNotificaciones con respuestaControl multimediaSeguimiento del sueñoSeguimiento del estrésPlan de entrenamiento personalizaciónprecio299 eurosSuunto 5 Peak Reloj deportivo GPS ligero y compacto con 100 h de batería y medición de la frecuencia cardíaca en la muñecaSiguiendo la estela del Suunto 9 Peak, el Suunto 5 Peak mantiene un diseño minimalista, sencillo y con buenos materiales de construcción. El bisel está hecho de acero inoxidable, la lente de poliamida y la caja de fibra de vidrio reforzada con poliamida. Dicha caja tiene un tamaño de 43 milímetros y un grosor de 12,9 milímetros. La correa, por su parte, es de silicona de 22 milímetros y de 130-210 mm de largo.En la caja tenemos cinco botones que usaremos para interactuar con el reloj, porque a pesar de que estamos acostumbrados a que los relojes inteligentes tengan pantalla táctil, el Suunto 5 Peak no la tiene. Este monta un panel LED de 1,1 pulgadas con 218 x 218 píxeles de resolución que, al menos sobre el papel, debería ser suficiente.Suunto no ha desvelado la capacidad de la batería del reloj, pero afirma que aguanta hasta diez días en modo tiempo (dando la hora, vaya). Si activamos el registro de métricas 24/7 y las notificaciones, la autonomía bajará hasta los siete días. Si usamos el GPS en los entrenamientos, dependiendo del modo tendremos entre 20 y 100 horas de autonomía. El chip GPS integrado es compatible con las principales constelaciones satelitales.Entre las funciones integradas en el sistema operativo tenemos FusedSpeed (combina GPS y sensor de aceleración para medir mejor la velocidad), FusedTrack (combina GPS y sensores de movimiento para el seguimiento de ejercicio cuando queda poca batería), Snap to Route (ajustar la ruta a la actividad que vamos a hacer) y Ghost Runner (establecer un ritmo deseado y comparar nuestra distancia respecto a un ""corredor fantasma"").Algo interesante y que también es llamativo es la navegación giro a giro vía GPS. Esto es particularmente útil cuando hacemos rutas, ya que nos permitirá continuar el camino sin tener que mirar el mapa y recibiendo las instrucciones desde el reloj. El problema es que no hay mapas integrados en el smartwatch.En lo referente a deportes, tiene más de 80 perfiles, resistencia al agua, plan de entrenamiento automático a siete días vista... Todo ello personalizable, como viene siendo normal en los relojes de la compañía.El Suunto 5 Peak se puede reservar desde ya en la web de la empresa y, próximamente, en otros retailers. Está disponible en seis colores y su precio es de 299,99.",11
"Mónica García estrenó su cargo de ministra de Sanidad el 21 de noviembre de 2023. Casi dos meses después se celebraron en toda España los exámenes de Formación Sanitaria Especializada en Medicina, Farmacia, Enfermería, y de las titulaciones de Química, Física, Biología y Psicología. En total aspiraron 30.066 personas a 11.607 plazas. Y eso significa que mientras se confirma el déficit de médicos y enfermeras y la imposibilidad de cubrir toda la demanda de servicios sanitarios con los actuales profesionales, se confirma una segunda imposibilidad: la de atender a esa demanda con una limitación oficial -dependiente del Ministerio de Sanidad- que impide que haya oferta suficiente de médicos y enfermeros.En concreto, casi 6.000 médicos y 7.000 enfermeros se han quedado sin plaza en plena carestía de personal sanitario. Mónica García puede argumentar que llegó al límite para solucionar el problema. Pero lo cierto es que no ha hecho ni una mención a un problema que estrangula la sanidad: es imposible aumentar los servicios médicos sin médicos ni enfermeros.El sindicato CSIF ha recopilado los datos. Y en el caso específico de la prueba para Medicina, un total de 14.961 médicos se presentan para 8.772 plazas, por lo que 6.189 aspirantes se han quedado fuera, pese a las necesidades de nuestro sistema sanitario. De hecho, en el caso concreto de Medicina Familiar y Comunitaria (Atención Primaria) y Pediatría, solo se han previsto 37 y 7 plazas más, respectivamente, respecto al año anterior. Y el déficit estimado por CSIF asciende a 10.000 plazas más de médicos de Atención Primaria en los próximos 5-7 años.La escasez de plazas ofertadas se repite en el caso de Enfermería (2.108 plazas -147 más que el pasado ejercicio- para 9.152 aspirantes), con la frustración añadida de que los aspirantes que acaban estas especialidades, apenas tienen plazas para poderlas ejercer en el Sistema Nacional de Salud. CSIF ha reclamado ya al Ministerio ""aumentar las plazas y mejorar las condiciones laborales para evitar la fuga de personal sanitario. Y es que tres de cada diez médicos de Primaria están a las puertas de la jubilación"".La Central Sindical Independiente y de Funcionarios (CSIF), el sindicato más representativo en las administraciones públicas, ha pedido una negociación urgente para ""aumentar las plazas de Formación Sanitaria Especializada (FSE) en los próximos años y comenzar a solucionar los graves problemas que amenazan a nuestro Sistema Nacional de Salud, con una Atención Primaria y urgencias hospitalarias saturadas en todo el país, como se ha puesto de manifiesto con la epidemia reciente de infecciones respiratorias"".El número de plazas para Formación Sanitaria Especializada que convoca anualmente el Ministerio de Sanidad ""no contribuye a solucionar los problemas de escasez de personal especializado en todas las comunidades autónomas y tiene como consecuencia la saturación de la Atención Primaria y que los ciudadanos no tengan más remedio que acudir a las urgencias hospitalarias, empeorando este servicio"", explica el sindicato.CSIF ha denunciado en reiteradas ocasiones la marcha de profesionales a otros países por la falta de reconocimiento de las condiciones laborales y retributivas, lo que tiene como consecuencia la escasez de personal sanitario por falta de inversión y una mala planificación. Según los cálculos de este sindicato, la Sanidad ""necesita un Plan Estratégico a 5-10 años para situarnos en la media europea. Tenemos un déficit de 9.500 médicos de Atención Primaria, a lo que hay que sumar que faltan 130.000 profesionales de Enfermería, 1.250 matronas, 1.100 pediatras y 44.000 TCAES"".",2
"Una de las sorpresas que nos ha dejado el último Nintendo Direct que ha publicado Nintendo es que el catálogo de Nintendo Switch Online se ha ampliado hoy mismo con unos cuantos videojuegos. En total son cinco títulos más los que ya están disponibles y algo que tienen en común todos ellos es el hecho de que fueron desarrollados originalmente por Rare.El más destacado de todos ellos es el mítico Killer Instinct, uno de los mejores juegos de lucha que recibió Super Nintendo y que supuso el nacimiento de esta saga tan reconocida. Además, los que se queden con ganas de repartir más mamporros de lo más bestias podrán hacerlo con el desafiante Battletoads in Battlemaniacs que también fue publicado originalmente en SNES.A todos ellos se unen dos juegos que formaron parte del catálogo de NES, como fueron Snake Rattle N Roll y R.C. PRO-AM, y el encargado de poner la guinda del pastel es Blast Corps. Este último permite a los jugadores controlar una serie de vehículos y robots gigantes con el fin de destruir edificios y otros obstáculos que bloquean el paso de un camión bien cargado de explosivos nucleares que no puede frenar su avance.Los cuatro primeros están disponibles para todos aquellos que estén apuntados a Nintendo Switch Online. En cambio, la única manera de acceder al último de esta nueva tanda es contando con una suscripción al pack de expansión que concede al acceso a este y otros clásicos de Nintendo 64.En VidaExtra | Los juegos más esperados para Nintendo Switch de 2024En VidaExtra | Nintendo 64 cumple 20 años en Europa, la última gran sobremesa de cartuchos... hasta la salida de SwitchEn VidaExtra | Los 35 clásicos de SNES que no deberían faltar en Nintendo Switch",7
"A pesar de que me apasionan las verduras en casi todas sus formas, a veces se pierde la inspiración y las ganas de cocinar. Suele ocurrir a la hora de la cena, cuando solo quieres tener un plato caliente sabroso pero, a ser posible, saludable y que no sea muy pesado para el estómago.En ese caso no hay mejor receta que las verduras estofadas sin grasas, un plato que se adapta a lo que tengamos en la nevera o la mezcla de hortalizas de temporada que más nos guste. En media hora las tendremos listas y solo hay que manchar una cazuela.El truco está en mezclar las verduras con cortes acorde a su tiempo de cocinado, para que se hagan a la vez todas juntas y nos podamos olvidar una vez pongamos todo al fuego. En realidad casi todos los vegetales se pueden consumir también crudos o al dente, así que va un poco en gustos del punto de cocción. ¿Te gustan las judías verdes muy hechas y blanditas? Córtalas muy chiquitinas. ¿Te gusta el sabor de los champiñones crudos? Elige piezas más grandes y trocea o lamina los ejemplares más gruesos.Para cocinarlas sin añadir grasa y que queden muy sabrosas, incluso para mojar pan si tenemos de buena calidad en casa, solo necesitamos un poco de vino blanco o vino de cocina, caldo de verduras y alguna hierba o especia. Un tomate rallado sin piel también contribuye a hacer un fondo casi como una salsa, pero puedes recurrir a tomate en conserva si lo prefieres.Lo ideal es disponer de caldo casero, aunque nos apañamos con alguno comercial de brick que sea decente; y tampoco pasa nada por usar un poco de caldo concentrado en pastillas de vez en cuando si no queda más remedio. Para dar incluso más sabor puedes echar un poco de salsa de soja -mejor reducida en sal-, salsa Perrins, una cucharadita de mostaza, algo picante, etc.Una buena ración de verduras es saciante y de fácil digestión para cenar, aunque podemos completar el plato con algo de proteínas fáciles si nos apetece cocer huevo duro o hacer algún huevo a la plancha. Una lata de sardinas, anchoas o bonito en aceite también son buenos acompañamientos, con grasas saludables.En DAP | Con solo cuatro ingredientes, esta es la receta tradicional favorita de José Andrés para comer verduras en inviernoEn DAP | Esta es la mejor receta para disfrutar a tope de las verduras y que lo mismo te arregla la cena como un aperitivo",0
"MADRID, 16 Feb. (EUROPA PRESS) -    El ministro de Agricultura, Pesca y Alimentación, Luis Planas, ha tildado de ""espectáculo absolutamente friki"" la concentración de los transportistas del sábado pasado en la explanada del estadio Metropolitano, en Madrid, y ha realizado una llamada para evitar ""cualquier acto de violencia"".   ""El otro día vimos ese espectáculo absolutamente friki de la asamblea del Metropolitano, con gente chillando e insultando a las fuerzas y cuerpos de seguridad del Estado y diciendo tonterías. Es decir, ese tipo de cosas es lo que no se puede en absoluto tolerar"", ha criticado Planas en una entrevista en RNE recogida por Europa Press.   Preguntado por si el grupo parlamentario Vox está detrás de estas movilizaciones, Planas ha comentado que ""hay todo tipo de grupos"", pero que la extrema derecha en España ""tiene unas siglas"".   En este contexto, Planas ha defendido a agricultores y ganaderos, dado que considera que la ""inmensa mayoría de ellos"" no participa en este tipo de convocatorias, de ahí que haya realizado ""una llamada para evitar cualquier acto de violencia, de coacción"".   El titular de Agricultura ha puesto el foco en el interés del agricultor y del ganadero de a pie, que es el que a él le interesa y al que se dirige. ""El Gobierno de España desde luego está preocupado por él y está a su lado intentando buscar soluciones"", ha asegurado.    No obstante, Planas ha considerado que, por otro lado, ""está, como siempre, quien convierte las inquietudes, las ansiedades, los problemas en un instrumento para hacer política, política radical"". ""Hablemos claro: extrema derecha y derecha extrema, que no tienen ningún interés por el campo, ya que para ellos es un terreno más de batalla"", ha sentenciado Planas.",2
"Anemias: Disminución de la cantidad de glóbulos rojos, del hematocrito o de la hemoglobina en la sangre y disminución del transporte de oxígeno de la sangre.Transporte de oxígeno a los tejidos: 1,34ml/gr de hemoglobina x 15gr de hemoglobina = 20ml de oxígeno/dl de sangre. Con débito cardíaco de 5.000 ml/min, transporte de oxígeno al tejido es de 1.000 ml/min. Los requerimientos son sólo de 250ml. La extracción de oxígeno es de un 25% en condiciones normales, disminuye la presión parcial de oxígeno (PO2) de 100 a 40 mmHg, manteniendo la presión de difusión en el capilar para proveer suficiente oxígeno a un segmento de tejido con forma de cono truncado. La extracción mayor del 25% genera una hipoxia celular destructiva.  Formación de Glóbulos Rojos.La formación de glóbulos rojos se realiza en la médula ósea, donde existen 2 compartimientos. En el primero se encuentran las stem cell, se diferencian con la Eritropoyetina (determinada por la tensión de oxígeno en la sangre). En el segundo compartimiento están los precursores eritroides, que maduran en 5 días. Dentro de estos precursores se encuentran: Pronormoblastos / Normoblasto basófilo / Normoblasto policromático / Normoblasto ortocromático / Reticulocito, que madura en 3 días, (2 días en la médula ósea y 1 día en la circulación / Eritrocito maduro.Se requiere: vitamina B12, hierro (Fe) y folato. En condiciones normales existen reservas para un mes de folato, para 2-3 años de vitamina B12 y respecto al hierro, hay reservas para sintetizar una pérdida de 250-300 gramos de hemoglobina.Cuando faltan algunos de los componentes se producen formas anormales de los glóbulos rojos: déficit de vitamina B12 y folato®® Macrocitosis; déficit de fierro ®®microcitosis. Ajustes compensatorios de la anemia: -          -                    Menor afinidad de la hemoglobina por el oxígeno por un aumento del 2,3 difosfoglicerol (2,3 DPG).-          -                    Apertura de capilares no usados y redistribución de flujo (desde piel, riñón y lechos mesentérico e iliaco a miocardio, cerebro y diafragma).-          -                    Aumento del gasto cardiaco si la hemoglobina descienda por debajo de 7gr/dl; aumento de la función pulmonar.-          -                    Aumento de la producción de glóbulos rojos por aumento de la eritropoyetina (EPO: aumenta la eritropoyesis, con aumento de reticulocitos).-          -                    Aumento de la extracción de oxígeno en un 10-15%.La hipoxia tisular no corregida: contribuye a la respuesta cardiovascular y eritropoyética. Manifestaciones clínicas de la anemiaOriginadas por procesos de compensación. -          -                    Palidez: por redistribución de flujo desde la piel.-          -                    Taquicardia, pulsatilidad aumentada, soplos funcionales, tinnitus: por hiperactividad cardiaca.-          -                    Disnea de esfuerzo, ortopnea ocasional por aumento de la función pulmonar.-          -                    Sensibilidad o dolor en huesos hematopoyéticos por eritropoyesis compensadora.Relacionados a la Hipoxia Tisular.-          -                    Musculares: angina, claudicación intermitente, calambres nocturnos, fatigabilidad.-          -                    Cerebrales: cefalea, falta de concentración, somnolencia.Examen Físico: Palidez de piel y mucosas, taquicardia, pulso amplio, soplo sistólico de eyección, discreto edema periférico. Clasificación morfológica de las anemias·         ·                  Anemias microcíticas: deficiencia de hemoglobina: déficit de hierro, anemia de enfermedades crónicas, deficiencia de síntesis de globinas (Talasemias) o en síntesis del grupo Heme (sideroblástica).·         ·                  Anemias macrocíticas: anemias megaloblásticas, enfermedades hepáticas, hipotiroidismo, algunas anemias refractarias y mielodisplasias.·         ·                  Anemias Normocíticas: anemias aplásicas, anemias hemolíticas, etapas tempranas de otras anemias.Clasificación Funcional de las anemiasHipoproliferativas: Índice reticulocitario bajo (inferior a 2).·         ·                  Daño de la médula ósea: Aplasia (hereditaria, adquirida), Fibrosis, Infiltración. ·         ·                  Disminución del estímulo: Inflamación, Insuficiencia renal, Enfermedades endocrinas (hipopituitarismo, hipotiroidismo, insuficiencia suprarrenal).·         ·                  Deficiencia de hierro: etapa inicial.Defectos de maduración: Índice reticulocitario bajo más alteraciones morfológicas.·         ·                  Defecto Citoplasmático (microcítica): Deficiencia de hierro, rasgo talasémico, Anemia sideroblástica, Anemias de enfermedades crónicas (ocasionalmente)·         ·                  Defecto Nuclear (macrocítica): Anemias megaloblásticas >115fl (déficit de vitaminas B12 y B9, mielodisplasia, anemias inducida por drogas), no megaloblásticas (hepatopatías, hipotiroidismo).Aumento de la destrucción o pérdida de glóbulos rojos. Índice reticulocitario alto (superior a 3).·         ·                  Hemólisis: Inmune, Mecánica, hereditaria, defectos de membrana adquiridos, secundaria a infecciones.·         ·                  Hemorragia Aguda.·         ·                  Secuestro esplénico Constantes hematológicas: Volumen Corpuscular Medio (VCM): 80-100flHemoglobina Corpuscular Media (HCM): 27-34pgConcentración Media de Hemoglobina Corpuscular (HCMC): 31-36 gr/dl Índice reticulocitario=10 x (Hematocrito observado/Hematocrito real)/índice de maduración.Valores normales Ferremia (sideremia): 50-150 ug/dl / Ferritina: 10-250 ng/dl/ Transferrina: 250-450 ug/dl/ % saturación: 20-50%  /TIBC: 300-370ug/dl/ Porcentaje de sideroblastos: 20-50%.   Anemia ferropriva o ferropénica: Es el tipo de anemia más frecuente. Depósitos de fierro: 4 gramos: hemoglobina 2,5 gramos, ferritina y hemosiderina alcanzan 1 gramo y la mioglobina, citocromos, enzimas y transferrina sérica suponen aproximadamente 0,5 gramos.Requerimientos de hierro (Fe mg/día): Hombre adulto: 1mg; Mujer fértil: 1-2 mg.Absorción de hierro: fundamentalmente duodenal, aumenta por el pH ácido, la vitamina C, el tránsito intestinal lento y se absorbe mejor el hierro en estado Hem. Solo se absorbe el 10% del hierro de la dieta, pudiendo aumentar hasta 20% cuando existe déficit de ingesta o pérdidas, lo que equivale a 4 mg. Provocan menor absorción: ingesta de té, café, fibra, gastrectomía o SMA.Circulación del hierro.El hierro circula unido a transferrina; un tercio de la transferrina va ligada a hierro y en los dos tercios restantes se encuentra insaturada. La ferritina nos orienta sobre el depósito de hierro. En la médula ósea los eritroblastos tienen receptores para transferrina, una vez que el hierro pasa al citoplasma, se une a la protoporfirina para formar el grupo Hem. La protoporfirina libre eritrocitaria también se puede medir, porque cuando no hay hierro aumentan los niveles de protoporfirina. Causas de anemia ferropénica.·         ·                  Disminución del aporte:o       o              Dieta pobre en hierro: Lactantes, Desnutrición.o       o              Absorción deficiente: gastrectomía o SMA.·         ·                  Aumento de los requerimientos:o       o              Pérdidas sanguíneas: Hemorragias ginecológicas, hemorragias digestivas (hernia hiatal), hemorragias del aparato urinario o pulmonares, donantes de sangre, Policitemia vera, transfusiones, diátesis hemorrágica, hemosidenurias crónicas (hemólisis intravascular crónica, hemoglobinuria paroxística nocturna).o       o              Crecimiento/Mujer fértil/Embarazo/Lactancia.",4
"Atravesamos el ecuador de mayo y, en lo que navegamos con un clima un poco ""de esa manera"", es hora de mirar a la pantallita y pensar qué ir viendo en la comodidad de nuestra casa en las plataformas de streaming (si no os apetece ir a la Fiesta del cine, por alguna razón). Así que vamos a repasar las 55 series, películas y documentales que llegan desde hoy a Netflix, HBO Max, Prime Video, Filmin, Movistar Plus+, SkyShowtime, Disney+ y Apple TV+.Patricia Arquette protagoniza esta comedia retorcida producida por Ben Stiller en la cual interpreta a una mujer caradura y con un pasado de drogodependencia que necesita reinventarse para no perder la casa de su madre, recientemente fallecida, convirtiéndose en detective privado.El nuevo drama de Aitor Gabilondo nos lleva al caso de un joven chaval que sale de la cárcel seis años después de haber asesinado a sus padres. Todo este tiempo ha permanecido totalmente en silencio, algo que se pondrá en manos de una joven psiquiatra para evaluar si supone un riesgo para la sociedad.Thriller político que nos lleva a la historia del ficticio Victor Godeanu, mano derecha del dictador Nicolás Ceaușescu que tendrá que escapara de Rumanía antes de que se descubra que es un agente al servicio de la KGB.Remake de la película homónima de 1992 (estrenada en España como 'Los blancos no la saben meter') que cuenta la historia de un prometedor jugador de baloncesto cuyo futuro se echó a perder y una antigua estrella del deporte cuyas lesiones acabaron con su carrera.Si aún así andas algo dubitativo sobre qué ver, aquí tenemos nuestros rankings con los estrenos más destacados de 2023 que han aparecido en streaming. Así que estas son las mejores series y películas de Netflix, las películas más destacadas de Amazon Prime Video y nuestro top de series de HBO Max.En Espinof | Las 11 mejores series de 2023... hasta ahora",7
"Es muy posible que cuando vayas a la pescadería, especialmente si es de un supermercado o un hipermercado, veas apellidos que difícilmente te suenen. Lubina de estero, corvina de estero o dorada de estero se llevan la palma, pero qué significa que sean pescados de estero.Accesibles todo el año, más baratos y curiosamente mucho más parecidos entre sí físicamente, compartiendo esos tamaños estandarizados, el pescado de estero es una solución asequible para seguir comiendo pescado sin tener que dejarse una pasta, hacerlo comiendo calidad y sabiendo de dónde procede lo que estamos consumiendo. Sin embargo, el concepto de pescado de estero va mucho más allá del precio y para ello conviene comprender qué es un estero, que es una referencia que puede resultar evidente para determinado tipo de público, especialmente en la costa gaditana y onubense, pero que puede sonar extraño al resto de españoles.El estero, si prestamos atención a lo que explica la Real Academia Española de la Lengua, es, entre otras acepciones: Terreno bajo pantanoso, intransitable, que suele llenarse de agua por la lluvia o por la filtración de un río o laguna cercana, y que abunda en plantas acuáticas.¿Significa esto que estos pescados provienen de pantanos? No, y nada más lejos de la realidad. En España, los esteros son una suerte de lagos artificiales de agua salada que se explotaban con la intención de obtener sal. Sin embargo, no sólo valían para eso. Muy habituales en ciertas localidades de costa gaditanas como Puerto Real, San Fernando, Chiclana de la Frontera o en la onubense Punta Umbría, estos esteros permiten ejercer una acuicultura donde criar lubinas y doradas, principalmente, como sucede con el trabajo que empresas como la gaditanas Esteros Lubimar realiza, aunque también se pueden trabajar corvinas o mujoles.No obstante, eso no quiere decir que sea un acuicultura absolutamente moderna que lleva pocos años entre nosotros. La realidad es que los esteros llevan siendo utilizados en las costas gaditanas y onubenses desde hace siglos. De hecho, se cree que ya los romanos lo utilizaban.  El estero es un método antiquísimo de acuicultura que en los últimos años se ha modernizado y estandarizado.Para ello, estas zonas cercanas al mar se anegan de agua salada a través de canales y subidas de marea —a través de distintas compuertas— que, una vez que el agua salada vuelve a su nivel anterior, ha dejado esta suerte de 'corrales' colmados de alevines de diferentes pescados y mariscos.Por resumirlo de forma muy simple, podríamos decir que es como poner un cerco natural a estas capturas, criándolas y alimentándolas allí, lo cual resultaría más sencillo que pescarlas en mar abierto.Una vez que las especies han crecido lo suficiente, se ejecutan los despesques, que consisten en aparecer estero por estero con unas redes que alzan el pescado presente en esa pequeña laguna o lago, capturándose después con redes de menor tamaño, y de ahí pasarán a las tiendas, pescaderías e hipermercados.Por este motivo, los pescados de estero son más asequibles y sus tallas están mucho más estandarizadas. Como es lógico, la técnica del estero y del despesque ha evolucionado muchísimo en los últimos años como también ha cambiado la acuicultura. Entre las ventajas: asegurar la calidad del pescado, su frescura, su trazabilidad y el tipo de alimentación que ha recibido. Lo que no es el estero —y eso debe quedar claro— es que no es una acuicultura en mar abierto en jaulas flotantes, como sí sucede con el salmón, por poner un ejemplo.Lacor - 39041 - Desescamador Para Pescado Inox. 27,5cmDe esta manera, ya no se depende de los alevines que se desplazaban a través de las corrientes, sino que se reproducen en grandes cantidades y en condiciones controladas para luego depositarlos en los esteros y allí alimentarlos hasta que estén preparados para ser 'despescados' y comercializados.Lo que sí es cierto es que el sistema de pesca en esteros es centenario, donde se aprovechaban las subidas y bajadas de marea en zonas costeras donde se creaban pequeños hoyos —también podían ser naturales— y el juego de diferentes compuertas para 'capturar' allí alevines de distintos pescados y mariscos, despescándolos cuando ya se habían desarrollado. Imágenes | Esteros LubimarEn DAP | Las 108 recetas de pescado para esta Navidad En DAP | Cómo cocinar pescado a la parrilla: lo que tienes que saber para que te salga perfecto En DAP | Pescado al horno: once recetas ideales para los que empiezan la dieta",0
